--disable_query_log
set @@session.explicit_defaults_for_timestamp=off;
--enable_query_log

#owner: linlin.xll
#owner group: SQL1
#description: transferred from mysql。
#tags:enum_and_set 

--disable_warnings
drop database if exists test_set;
drop database if exists test_enum_set;
--enable_warnings
set sql_mode='';

###############################-cast types-############################
##create database test_enum_set;
##use test_enum_set;

### below will regard enum as varchar before insert into dest table
##--------------------------enum-------------------------##
##create table test_enum(c1 int, c2 enum('a', '2011-1-1 21:35:52', '7'));
##create table test_datetime(c1 int, c2 datetime);
##
##insert into test_enum value(1,1),(2,2),(3,4);
##insert into test_datetime select * from test_enum;
##select * from test_datetime;
##
##create table test_timestamp(c1 int, c2 timestamp);
##insert into test_timestamp select * from test_enum;
##select * from test_timestamp;
##
##create table test_date(c1 int, c2 date);
##insert into test_date select * from test_enum;
##select * from test_date;
##
##create table test_time(c1 int, c2 time);
##insert into test_time select * from test_enum;
##select * from test_time;
##
##create table test_tinytext(c1 int, c2 tinytext);
##insert into test_tinytext select * from test_enum;
##select * from test_tinytext;
##
##create table test_mtext(c1 int, c2 mediumtext);
##insert into test_mtext select * from test_enum;
##select * from test_mtext;
##
##create table test_ltext(c1 int, c2 longtext);
##insert into test_ltext select * from test_enum;
##select * from test_ltext;
##
##create table test_enum_1(c1 int, c2 enum('b', 'a', '2011-1-1 21:35:52', '8', '7'));
##insert into test_enum_1 select * from test_enum;
##select * from test_enum_1;
##
##create table test_set(c1 int, c2 enum('b', 'a', '2011-1-1 21:35:52', '8', '7'));
##insert into test_set select * from test_enum;
##select * from test_set;
##
#####int
##create table test_year(c1 int, c2 year);
##insert into test_year select * from test_enum;
##select * from test_year;
##insert into test_year values (3,1),(3,2);
##select * from test_year;
##
##create table test_float(c1 int, c2 float);
##insert into test_float select * from test_enum;
##select * from test_float;
##
##create table test_double(c1 int, c2 double);
##insert into test_double select * from test_enum;
##select * from test_double;
##
##create table test_int(c1 int, c2 int);
##insert into test_int select * from test_enum;
##select * from test_int;
##
##create table test_uint(c1 int, c2 int unsigned);
##insert into test_uint select * from test_enum;
##select * from test_uint;
##
##create table test_number(c1 int, c2 decimal);
##insert into test_number select * from test_enum;
##select * from test_number;
##
##create table test_bit(c1 int, c2 bit(8));
##insert into test_bit select * from test_enum;
##select c1,c2+1 from test_bit;
##
##
####---------------------------set-------------------------##
##drop database test_enum_set;
##create database test_enum_set;
##use test_enum_set;
##
##create table test_set(c1 int, c2 set('a', '2011-1-1 21:35:52', '7'));
##create table test_datetime(c1 int, c2 datetime);
##
##insert into test_set value(1,1),(2,2),(3,4);
##insert into test_datetime select * from test_set;
##select * from test_datetime;
##
##create table test_timestamp(c1 int, c2 timestamp);
##insert into test_timestamp select * from test_set;
##select * from test_timestamp;
##
##create table test_date(c1 int, c2 date);
##insert into test_date select * from test_set;
##select * from test_date;
##
##create table test_time(c1 int, c2 time);
##insert into test_time select * from test_set;
##select * from test_time;
##
##create table test_tinytext(c1 int, c2 tinytext);
##insert into test_tinytext select * from test_set;
##select * from test_tinytext;
##
##create table test_mtext(c1 int, c2 mediumtext);
##insert into test_mtext select * from test_set;
##select * from test_mtext;
##
##create table test_ltext(c1 int, c2 longtext);
##insert into test_ltext select * from test_set;
##select * from test_ltext;
##
##create table test_enum(c1 int, c2 enum('b', 'a', '2011-1-1 21:35:52', '8', '7'));
##insert into test_enum select * from test_set;
##select * from test_enum;
##
##create table test_set_1(c1 int, c2 set('b', 'a', '2011-1-1 21:35:52', '8', '7'));
##insert into test_set_1 select * from test_set;
##select * from test_set_1;
##
#####int
##create table test_year(c1 int, c2 year);
##insert into test_year select * from test_set;
##select * from test_year;
##insert into test_year values (3,1),(3,2);
##select * from test_year;
##
##create table test_float(c1 int, c2 float);
##insert into test_float select * from test_set;
##select * from test_float;
##
##create table test_double(c1 int, c2 double);
##insert into test_double select * from test_set;
##select * from test_double;
##
##create table test_int(c1 int, c2 int);
##insert into test_int select * from test_set;
##select * from test_int;
##
##create table test_uint(c1 int, c2 int unsigned);
##insert into test_uint select * from test_set;
##select * from test_uint;
##
##create table test_number(c1 int, c2 decimal);
##insert into test_number select * from test_set;
##select * from test_number;
##
##create table test_bit(c1 int, c2 bit(8));
##insert into test_bit select * from test_set;
##select c1,c2+1 from test_bit;
##drop database test_enum_set;

###############################-merge types-############################
create database test_enum_set;
use test_enum_set;

### varchar
create table test_tinyint(c1 int, c2 tinyint);
create table test_smallint(c1 int, c2 smallint);
create table test_mediumint(c1 int, c2 mediumint);
create table test_int(c1 int, c2 int);
create table test_bigint(c1 int, c2 bigint);

create table test_utinyint(c1 int, c2 tinyint unsigned);
create table test_usmallint(c1 int, c2 smallint unsigned);
create table test_umediumint(c1 int, c2 mediumint unsigned);
create table test_uint(c1 int, c2 int unsigned);
create table test_ubigint(c1 int, c2 bigint unsigned);

create table test_float(c1 int, c2 float);
create table test_double(c1 int, c2 double);

create table test_ufloat(c1 int, c2 float unsigned);
create table test_udouble(c1 int, c2 double unsigned);

create table test_number(c1 int, c2 decimal);
create table test_unumber(c1 int, c2 decimal unsigned);

create table test_datetime(c1 int, c2 datetime);
create table test_timestamp(c1 int, c2 timestamp);
create table test_date(c1 int, c2 date);
create table test_time(c1 int, c2 time);
create table test_year(c1 int, c2 year);

create table test_varchar(c1 int, c2 varchar(32));
create table test_char(c1 int, c2 char(32));


##create table test_tinytext(c1 int, c2 tinytext);
##create table test_text(c1 int, c2 text);
##create table test_mtext(c1 int, c2 mediumtext);
##create table test_ltext(c1 int, c2 longtext);

create table test_bit(c1 int, c2 bit(8));
create table test_enum(c1 int, c2 enum('b', 'a', '2011-1-1 21:35:52', '8', '7'));
create table test_set(c1 int, c2 enum('b', 'a', '2011-1-1 21:35:52', '8', '7'));


####--------------------------------bit------------------------------------##
##create table t_bit(c1 int, c2 bit(8));
##
####varbinary
##create table t_tinyint as select * from test_tinyint union select * from t_bit;
##desc t_tinyint;
##create table t_smallint as select * from test_smallint union select * from t_bit;
##desc t_smallint;
##create table t_mint as select * from test_mediumint union select * from t_bit;
##desc t_mint;
##create table t_int as select * from test_int union select * from t_bit;
##desc t_int;
##create table t_bigint as select * from test_bigint union select * from t_bit;
##desc t_bigint;
##
####varbinary
##create table t_utint as select * from test_utinyint union select * from t_bit;
##desc t_utint;
##create table t_usint as select * from test_usmallint union select * from t_bit;
##desc t_usint;
##create table t_umint as select * from test_umediumint union select * from t_bit;
##desc t_umint;
##create table t_uint as select * from test_uint union select * from t_bit;
##desc t_uint;
##create table t_ubigint as select * from test_ubigint union select * from t_bit;
##desc t_ubigint;
##
##create table t_f as select * from test_float union select * from t_bit;
##desc t_f;
##create table t_d as select * from test_double union select * from t_bit;
##desc t_d;
##
##create table t_uf as select * from test_ufloat union select * from t_bit;
##desc t_uf;
##create table t_ud as select * from test_udouble union select * from t_bit;
##desc t_ud;
##
##create table t_number as select * from test_number union select * from t_bit;
##desc t_number;
##create table t_unumber as select * from test_unumber union select * from t_bit;
##desc t_unumber;
##
##create table t_datetime as select * from test_datetime union select * from t_bit;
##desc t_datetime;
##create table t_timestamp as select * from test_timestamp union select * from t_bit;
##desc t_timestamp;
##create table t_date as select * from test_date union select * from t_bit;
##desc t_date;
##create table t_time as select * from test_time union select * from t_bit;
##desc t_time;
##create table t_year as select * from test_year union select * from t_bit;
##desc t_year;
##
##create table t_varchar as select * from test_varchar union select * from t_bit;
##desc t_varchar;
##
####binary(128)
##create table t_char as select * from test_char union select * from t_bit;
##desc t_char;
##
#######blob
####create table t_ttext as select * from test_tinytext union select * from t_bit;
####desc t_ttext;
####
########mediumBlob
####create table t_text as select * from test_text union select * from t_bit;
####desc t_text;
####
#######longblob
####create table t_mtext as select * from test_mtext union select * from t_bit;
####desc t_mtext;
####create table t_ltext as select * from test_ltext union select * from t_bit;
####desc t_ltext;
##
####bit
##create table tt_bit as select * from test_bit union select * from t_bit;
##desc tt_bit;
##
####varchar
##create table tt_enum as select * from test_enum union select * from t_bit;
##desc tt_enum;
##create table tt_set as select * from test_set union select * from t_bit;
##desc tt_set;
##
####varbinary
##create table test_hex as  select 0x0101 union select c2 from test_bit;
##desc test_hex;
##
####--------------------------------enum------------------------------------##
##create table t_enum(c1 int, c2 enum('b', 'a', '2011-1-1 21:35:52', '2017', '7'));
##
####varchar
##drop table t_tinyint;
##create table t_tinyint as select * from test_tinyint union select * from t_enum;
##desc t_tinyint;
##
##drop table t_smallint;
##create table t_smallint as select * from test_smallint union select * from t_enum;
##desc t_smallint;
##
##drop table t_mint;
##create table t_mint as select * from test_mediumint union select * from t_enum;
##desc t_mint;
##
##drop table t_int;
##create table t_int as select * from test_int union select * from t_enum;
##desc t_int;
##
##drop table t_bigint;
##create table t_bigint as select * from test_bigint union select * from t_enum;
##desc t_bigint;
##
####varchar
##drop table t_uint;
##create table t_uint as select * from test_utinyint union select * from t_enum;
##desc t_uint;
##
##drop table t_usint;
##create table t_usint as select * from test_usmallint union select * from t_enum;
##desc t_usint;
##
##drop table t_umint;
##create table t_umint as select * from test_umediumint union select * from t_enum;
##desc t_umint;
##
##drop table t_uint;
##create table t_uint as select * from test_uint union select * from t_enum;
##desc t_uint;
##
##drop table t_ubigint;
##create table t_ubigint as select * from test_ubigint union select * from t_enum;
##desc t_ubigint;
##
##drop table t_f;
##create table t_f as select * from test_float union select * from t_enum;
##desc t_f;
##
##drop table t_d;
##create table t_d as select * from test_double union select * from t_enum;
##desc t_d;
##
##drop table t_uf;
##create table t_uf as select * from test_ufloat union select * from t_enum;
##desc t_uf;
##
##drop table t_ud;
##create table t_ud as select * from test_udouble union select * from t_enum;
##desc t_ud;
##
##drop table t_number;
##create table t_number as select * from test_number union select * from t_enum;
##desc t_number;
##
##drop table t_unumber;
##create table t_unumber as select * from test_unumber union select * from t_enum;
##desc t_unumber;
##
##drop table t_datetime;
##create table t_datetime as select * from test_datetime union select * from t_enum;
##desc t_datetime;
##
##drop table t_timestamp;
##create table t_timestamp as select * from test_timestamp union select * from t_enum;
##desc t_timestamp;
##
##drop table t_date;
##create table t_date as select * from test_date union select * from t_enum;
##desc t_date;
##
##drop table t_time;
##create table t_time as select * from test_time union select * from t_enum;
##desc t_time;
##
##drop table t_year;
##create table t_year as select * from test_year union select * from t_enum;
##desc t_year;
##
##drop table t_varchar;
##create table t_varchar as select * from test_varchar union select * from t_enum;
##desc t_varchar;
##
####char(32)
##drop table t_char;
##create table t_char as select * from test_char union select * from t_enum;
##desc t_char;
##
####varchar
##create table t_hex as  select X'0a0a'  union select c2 from t_enum;
##desc t_hex;
##
#####text
####drop table t_ttext;
####create table t_ttext as select * from test_tinytext union select * from t_enum;
####desc t_ttext;
####
########mediumtext
####drop table t_text;
####create table t_text as select * from test_text union select * from t_enum;
####desc t_text;
####
#######longtext
####drop table t_mtext;
####create table t_mtext as select * from test_mtext union select * from t_enum;
####desc t_mtext;
####
#######longtext
####drop table t_ltext;
####create table t_ltext as select * from test_ltext union select * from t_enum;
####desc t_ltext;
##
####varbinary
##drop table tt_bit;
##create table tt_bit as select * from test_bit union select * from t_enum;
##desc tt_bit;
##
####varchar
##drop table tt_enum;
##create table tt_enum as select * from test_enum union select * from t_enum;
##desc tt_enum;
##
##drop table tt_set;
##create table tt_set as select * from test_set union select * from t_enum;
##desc tt_set;
##
####varbinary
##create table tt_hex as  select 0x43 union select c2 from test_enum;
##desc test_hex;
##
####--------------------------------set------------------------------------##
##create table t_set(c1 int, c2 enum('b', 'a', '2011-1-1 21:35:52', '8', '7'));
##
####varchar
##drop table t_tinyint;
##create table t_tinyint as select * from test_tinyint union select * from t_set;
##desc t_tinyint;
##
##drop table t_smallint;
##create table t_smallint as select * from test_smallint union select * from t_set;
##desc t_smallint;
##
##drop table t_mint;
##create table t_mint as select * from test_mediumint union select * from t_set;
##desc t_mint;
##
##drop table t_int;
##create table t_int as select * from test_int union select * from t_set;
##desc t_int;
##
##drop table t_bigint;
##create table t_bigint as select * from test_bigint union select * from t_set;
##desc t_bigint;
##
####varchar
##drop table t_utint;
##create table t_utint as select * from test_utinyint union select * from t_set;
##desc t_utint;
##
##drop table t_usint;
##create table t_usint as select * from test_usmallint union select * from t_set;
##desc t_usint;
##
##drop table t_umint;
##create table t_umint as select * from test_umediumint union select * from t_set;
##desc t_umint;
##
##drop table t_uint;
##create table t_uint as select * from test_uint union select * from t_set;
##desc t_uint;
##
##drop table t_ubigint;
##create table t_ubigint as select * from test_ubigint union select * from t_set;
##desc t_ubigint;
##
##drop table t_f;
##create table t_f as select * from test_float union select * from t_set;
##desc t_f;
##
##drop table t_d;
##create table t_d as select * from test_double union select * from t_set;
##desc t_d;
##
##drop table t_uf;
##create table t_uf as select * from test_ufloat union select * from t_set;
##desc t_uf;
##
##drop table t_ud;
##create table t_ud as select * from test_udouble union select * from t_set;
##desc t_ud;
##
##drop table t_number;
##create table t_number as select * from test_number union select * from t_set;
##desc t_number;
##
##drop table t_unumber;
##create table t_unumber as select * from test_unumber union select * from t_set;
##desc t_unumber;
##
##drop table t_datetime;
##create table t_datetime as select * from test_datetime union select * from t_set;
##desc t_datetime;
##
##drop table t_timestamp;
##create table t_timestamp as select * from test_timestamp union select * from t_set;
##desc t_timestamp;
##
##drop table t_date;
##create table t_date as select * from test_date union select * from t_set;
##desc t_date;
##
##drop table t_time;
##create table t_time as select * from test_time union select * from t_set;
##desc t_time;
##
##drop table t_year;
##create table t_year as select * from test_year union select * from t_set;
##desc t_year;
##
##drop table t_varchar;
##create table t_varchar as select * from test_varchar union select * from t_set;
##desc t_varchar;
##
####char(32)
##drop table t_char;
##create table t_char as select * from test_char union select * from t_set;
##desc t_char;
##
####varchar
##drop table tt_hex;
##create table tt_hex as  select 0x43 union select c2 from test_enum;
##desc test_hex;
##
#######text
####drop table t_ttext;
####create table t_ttext as select * from test_tinytext union select * from t_set;
####desc t_ttext;
####
########mediumtext
####drop table t_text;
####create table t_text as select * from test_text union select * from t_set;
####desc t_text;
####
#######longtext
####drop table t_mtext;
####create table t_mtext as select * from test_mtext union select * from t_set;
####desc t_mtext;
####
#######longtext
####drop table t_ltext;
####create table t_ltext as select * from test_ltext union select * from t_set;
####desc t_ltext;
##
####varbinary
##drop table tt_bit;
##create table tt_bit as select * from test_bit union select * from t_set;
##desc tt_bit;
##
####varchar
##drop table tt_enum;
##create table tt_enum as select * from test_enum union select * from t_set;
##desc tt_enum;
##
##drop table tt_set;
##create table tt_set as select * from test_set union select * from t_set;
##desc tt_set;
##
####varcharcharchar
##drop table tt_hex;
##create table tt_hex as  select 0x0101 union select c2 from test_set;
##desc tt_hex;
##--------------------------------bit------------------------------------##
create table t_bit(c1 int, c2 bit(8));

--enable_metadata
##varbinary
select * from test_tinyint union select * from t_bit;
select * from test_smallint union select * from t_bit;
select * from test_mediumint union select * from t_bit;
select * from test_int union select * from t_bit;
select * from test_bigint union select * from t_bit;

##varbinary
select * from test_utinyint union select * from t_bit;
select * from test_usmallint union select * from t_bit;
select * from test_umediumint union select * from t_bit;
select * from test_uint union select * from t_bit;
select * from test_ubigint union select * from t_bit;

select * from test_float union select * from t_bit;
select * from test_double union select * from t_bit;

select * from test_ufloat union select * from t_bit;
select * from test_udouble union select * from t_bit;

select * from test_number union select * from t_bit;
select * from test_unumber union select * from t_bit;

select * from test_datetime union select * from t_bit;
select * from test_timestamp union select * from t_bit;
select * from test_date union select * from t_bit;
select * from test_time union select * from t_bit;
select * from test_year union select * from t_bit;

select * from test_varchar union select * from t_bit;

##binary(128)
select * from test_char union select * from t_bit;

#####blob
##select * from test_tinytext union select * from t_bit;
##desc t_ttext;
##
######mediumBlob
##select * from test_text union select * from t_bit;
##desc t_text;
##
#####longblob
##select * from test_mtext union select * from t_bit;
##desc t_mtext;
##select * from test_ltext union select * from t_bit;
##desc t_ltext;

##bit
select * from test_bit union select * from t_bit;

##varchar
select * from test_enum union select * from t_bit;
select * from test_set union select * from t_bit;

##varbinary
select 0x0101 union select c2 from test_bit;

##--------------------------------enum------------------------------------##
create table t_enum(c1 int, c2 enum('b', 'a', '2011-1-1 21:35:52', '2017', '7'));

##varchar
select * from test_tinyint union select * from t_enum;
select * from test_smallint union select * from t_enum;
select * from test_mediumint union select * from t_enum;
select * from test_int union select * from t_enum;
select * from test_bigint union select * from t_enum;

##varchar
select * from test_utinyint union select * from t_enum;
select * from test_usmallint union select * from t_enum;
select * from test_umediumint union select * from t_enum;
select * from test_uint union select * from t_enum;
select * from test_ubigint union select * from t_enum;
select * from test_float union select * from t_enum;
select * from test_double union select * from t_enum;
select * from test_ufloat union select * from t_enum;
select * from test_udouble union select * from t_enum;
select * from test_number union select * from t_enum;
select * from test_unumber union select * from t_enum;
select * from test_datetime union select * from t_enum;
select * from test_timestamp union select * from t_enum;
select * from test_date union select * from t_enum;
select * from test_time union select * from t_enum;
select * from test_year union select * from t_enum;
select * from test_varchar union select * from t_enum;

##char(32)
select * from test_char union select * from t_enum;

##varchar
select X'0a0a'  union select c2 from t_enum;

###text
##drop table t_ttext;
##select * from test_tinytext union select * from t_enum;
##desc t_ttext;
##
######mediumtext
##drop table t_text;
##select * from test_text union select * from t_enum;
##desc t_text;
##
#####longtext
##drop table t_mtext;
##select * from test_mtext union select * from t_enum;
##desc t_mtext;
##
#####longtext
##drop table t_ltext;
##select * from test_ltext union select * from t_enum;
##desc t_ltext;

##varbinary
select * from test_bit union select * from t_enum;

##varchar
select * from test_enum union select * from t_enum;
select * from test_set union select * from t_enum;

##varbinary
select 0x43 union select c2 from test_enum;

##--------------------------------set------------------------------------##
create table t_set(c1 int, c2 enum('b', 'a', '2011-1-1 21:35:52', '8', '7'));

##varchar
select * from test_tinyint union select * from t_set;

select * from test_smallint union select * from t_set;

select * from test_mediumint union select * from t_set;

select * from test_int union select * from t_set;

select * from test_bigint union select * from t_set;

##varchar
select * from test_utinyint union select * from t_set;

select * from test_usmallint union select * from t_set;

select * from test_umediumint union select * from t_set;

select * from test_uint union select * from t_set;

select * from test_ubigint union select * from t_set;

select * from test_float union select * from t_set;

select * from test_double union select * from t_set;

select * from test_ufloat union select * from t_set;

select * from test_udouble union select * from t_set;

select * from test_number union select * from t_set;

select * from test_unumber union select * from t_set;

select * from test_datetime union select * from t_set;

select * from test_timestamp union select * from t_set;

select * from test_date union select * from t_set;

select * from test_time union select * from t_set;

select * from test_year union select * from t_set;

select * from test_varchar union select * from t_set;

##char(32)
select * from test_char union select * from t_set;

##varchar
select 0x43 union select c2 from test_enum;

#####text
##drop table t_ttext;
##select * from test_tinytext union select * from t_set;
##desc t_ttext;
##
######mediumtext
##drop table t_text;
##select * from test_text union select * from t_set;
##desc t_text;
##
#####longtext
##drop table t_mtext;
##select * from test_mtext union select * from t_set;
##desc t_mtext;
##
#####longtext
##drop table t_ltext;
##select * from test_ltext union select * from t_set;
##desc t_ltext;

##varbinary
select * from test_bit union select * from t_set;

##varchar
select * from test_enum union select * from t_set;

select * from test_set union select * from t_set;

##varcharcharchar
select 0x0101 union select c2 from test_set;
--disable_metadata

drop database test_enum_set;

###############################-cmp types-############################
create database test_enum_set;
use test_enum_set;

create table test_tinyint(c1 int, c2 tinyint);
create table test_smallint(c1 int, c2 smallint);
create table test_mediumint(c1 int, c2 mediumint);
create table test_int(c1 int, c2 int);
create table test_bigint(c1 int, c2 bigint);

create table test_utinyint(c1 int, c2 tinyint unsigned);
create table test_usmallint(c1 int, c2 smallint unsigned);
create table test_umediumint(c1 int, c2 mediumint unsigned);
create table test_uint(c1 int, c2 int unsigned);
create table test_ubigint(c1 int, c2 bigint unsigned);

create table test_float(c1 int, c2 float);
create table test_double(c1 int, c2 double);

create table test_ufloat(c1 int, c2 float unsigned);
create table test_udouble(c1 int, c2 double unsigned);

create table test_number(c1 int, c2 decimal);
create table test_unumber(c1 int, c2 decimal unsigned);

create table test_datetime(c1 int, c2 datetime);
create table test_timestamp(c1 int, c2 timestamp);
create table test_date(c1 int, c2 date);
create table test_time(c1 int, c2 time);
create table test_year(c1 int, c2 year);

create table test_varchar(c1 int, c2 varchar(32));
create table test_char(c1 int, c2 char(32));


##create table test_tinytext(c1 int, c2 tinytext);
##create table test_text(c1 int, c2 text);
##create table test_mtext(c1 int, c2 mediumtext);
##create table test_ltext(c1 int, c2 longtext);

create table test_bit(c1 int, c2 bit(8));
create table test_enum(c1 int, c2 enum('a', 'b', '2011-01-01 21:35:52', '8', '7'));
create table test_set(c1 int, c2 enum('a', 'b', '2011-01-01 21:35:52', '8', '7'));

create table t_enum(c1 int, c2 enum('b', 'a', '2011-01-01 21:35:52', '2002', '7'));
insert into t_enum value(1,1),(2,2),(3,3),(4,4),(5,5);

insert into test_tinyint values (1,2), (2,3);
select * from test_tinyint, t_enum where test_tinyint.c2 = t_enum.c2;

insert into test_smallint values (1,2), (2,3);
select * from test_smallint, t_enum where test_smallint.c2 = t_enum.c2;

insert into test_mediumint values (1,2), (2,3);
select * from test_mediumint, t_enum where test_mediumint.c2 = t_enum.c2;

insert into test_int values (1,2), (2,3);
select * from test_int, t_enum where test_int.c2 = t_enum.c2;

insert into test_bigint values (1,2), (2,3);
select * from test_bigint, t_enum where test_bigint.c2 = t_enum.c2;

insert into test_utinyint values (1,2), (2,3);
select * from test_utinyint, t_enum where test_utinyint.c2 = t_enum.c2;

insert into test_usmallint values (1,2), (2,3);
select * from test_usmallint, t_enum where test_usmallint.c2 = t_enum.c2;

insert into test_umediumint values (1,2), (2,3);
select * from test_umediumint, t_enum where test_umediumint.c2 = t_enum.c2;

insert into test_uint values (1,2), (2,3);
select * from test_uint, t_enum where test_uint.c2 = t_enum.c2;

insert into test_ubigint values (1,2), (2,3);
select * from test_ubigint, t_enum where test_ubigint.c2 = t_enum.c2;

insert into test_float values (1,2), (2,3);
select * from test_float, t_enum where test_float.c2 = t_enum.c2;

insert into test_double values (1,2), (2,3);
select * from test_double, t_enum where test_double.c2 = t_enum.c2;

insert into test_ufloat values (1,2), (2,3);
select * from test_ufloat, t_enum where test_ufloat.c2 = t_enum.c2;

insert into test_udouble values (1,2), (2,3);
select * from test_udouble, t_enum where test_udouble.c2 = t_enum.c2;

insert into test_number values (1,2), (2,3);
select * from test_number, t_enum where test_number.c2 = t_enum.c2;

insert into test_unumber values (1,2), (2,3);
select * from test_unumber, t_enum where test_unumber.c2 = t_enum.c2;

insert into test_datetime select * from t_enum;
select * from test_datetime, t_enum where test_datetime.c2 = t_enum.c2;

insert into test_timestamp select * from t_enum;
select * from test_timestamp, t_enum where test_timestamp.c2 = t_enum.c2;

insert into test_date select * from t_enum;
select * from test_date, t_enum where test_date.c2 = t_enum.c2;

##TODO()
##time and enum ->
insert into test_time select * from t_enum;
select * from test_time, t_enum where test_time.c2 = t_enum.c2;

insert into test_year select * from t_enum;
select * from test_year, t_enum where test_year.c2 = t_enum.c2;


select c1, c2 from t_enum where c2=0x43;

insert into test_varchar select * from t_enum;
select * from test_varchar, t_enum where test_varchar.c2 = t_enum.c2;

insert into test_char select * from t_enum;
select * from test_char, t_enum where test_char.c2 = t_enum.c2;

##insert into test_tinytext select * from t_enum;
##select * from test_tinytext, t_enum where test_tinytext.c2 = t_enum.c2;
##
##insert into test_text select * from t_enum;
##select * from test_text, t_enum where test_text.c2 = t_enum.c2;
##
##insert into test_mtext select * from t_enum;
##select * from test_mtext, t_enum where test_mtext.c2 = t_enum.c2;
##
##insert into test_ltext select * from t_enum;
##select * from test_ltext, t_enum where test_ltext.c2 = t_enum.c2;

insert into test_bit select * from t_enum;
select * from test_bit, t_enum where test_bit.c2 = t_enum.c2;

insert into test_enum select * from t_enum;
select * from test_enum, t_enum where test_enum.c2 = t_enum.c2;

insert into test_set select * from t_enum;
select * from test_set, t_enum where test_set.c2 = t_enum.c2;

drop table t_enum;
create table t_enum(c1 int, c2 enum('b', 'a', '2011-01-01 21:35:52', '2017', '7'));
insert into t_enum value(1,1),(2,2),(3,3),(4,4),(5,5);

insert into test_tinyint values (1,2), (2,3);
select * from test_tinyint, t_enum where test_tinyint.c2 = t_enum.c2;

insert into test_smallint values (1,2), (2,3);
select * from test_smallint, t_enum where test_smallint.c2 = t_enum.c2;

insert into test_mediumint values (1,2), (2,3);
select * from test_mediumint, t_enum where test_mediumint.c2 = t_enum.c2;

insert into test_int values (1,2), (2,3);
select * from test_int, t_enum where test_int.c2 = t_enum.c2;

insert into test_bigint values (1,2), (2,3);
select * from test_bigint, t_enum where test_bigint.c2 = t_enum.c2;

insert into test_utinyint values (1,2), (2,3);
select * from test_utinyint, t_enum where test_utinyint.c2 = t_enum.c2;

insert into test_usmallint values (1,2), (2,3);
select * from test_usmallint, t_enum where test_usmallint.c2 = t_enum.c2;

insert into test_umediumint values (1,2), (2,3);
select * from test_umediumint, t_enum where test_umediumint.c2 = t_enum.c2;

insert into test_uint values (1,2), (2,3);
select * from test_uint, t_enum where test_uint.c2 = t_enum.c2;

insert into test_ubigint values (1,2), (2,3);
select * from test_ubigint, t_enum where test_ubigint.c2 = t_enum.c2;

insert into test_float values (1,2), (2,3);
select * from test_float, t_enum where test_float.c2 = t_enum.c2;

insert into test_double values (1,2), (2,3);
select * from test_double, t_enum where test_double.c2 = t_enum.c2;

insert into test_ufloat values (1,2), (2,3);
select * from test_ufloat, t_enum where test_ufloat.c2 = t_enum.c2;

insert into test_udouble values (1,2), (2,3);
select * from test_udouble, t_enum where test_udouble.c2 = t_enum.c2;

insert into test_number values (1,2), (2,3);
select * from test_number, t_enum where test_number.c2 = t_enum.c2;

insert into test_unumber values (1,2), (2,3);
select * from test_unumber, t_enum where test_unumber.c2 = t_enum.c2;

insert into test_datetime select * from t_enum;
select * from test_datetime, t_enum where test_datetime.c2 = t_enum.c2;

insert into test_timestamp select * from t_enum;
select * from test_timestamp, t_enum where test_timestamp.c2 = t_enum.c2;

insert into test_date select * from t_enum;
select * from test_date, t_enum where test_date.c2 = t_enum.c2;

##TODO()
##time and enum ->
insert into test_time select * from t_enum;
select * from test_time, t_enum where test_time.c2 = t_enum.c2;

insert into test_year select * from t_enum;
select * from test_year, t_enum where test_year.c2 = t_enum.c2;

insert into test_varchar select * from t_enum;
select * from test_varchar, t_enum where test_varchar.c2 = t_enum.c2;

insert into test_char select * from t_enum;
select * from test_char, t_enum where test_char.c2 = t_enum.c2;

##insert into test_tinytext select * from t_enum;
##select * from test_tinytext, t_enum where test_tinytext.c2 = t_enum.c2;
##
##insert into test_text select * from t_enum;
##select * from test_text, t_enum where test_text.c2 = t_enum.c2;
##
##insert into test_mtext select * from t_enum;
##select * from test_mtext, t_enum where test_mtext.c2 = t_enum.c2;
##
##insert into test_ltext select * from t_enum;
##select * from test_ltext, t_enum where test_ltext.c2 = t_enum.c2;

insert into test_bit select * from t_enum;
select * from test_bit, t_enum where test_bit.c2 = t_enum.c2;

insert into test_enum select * from t_enum;
select * from test_enum, t_enum where test_enum.c2 = t_enum.c2;

insert into test_set select * from t_enum;
select * from test_set, t_enum where test_set.c2 = t_enum.c2;


#-----------------------set-------------------#
create table t_set(c1 int, c2 set('b', 'a', '2011-01-01 21:35:52', '2004', '7'));
insert into t_set value(1,1),(2,2),(3,4),(4,8),(5,16);

delete from test_tinyint;
insert into test_tinyint values (1,2), (2,3);
select * from test_tinyint, t_set where test_tinyint.c2 = t_set.c2;

delete from test_smallint;
insert into test_smallint values (1,2), (2,3);
select * from test_smallint, t_set where test_smallint.c2 = t_set.c2;

delete from test_mediumint;
insert into test_mediumint values (1,2), (2,3);
select * from test_mediumint, t_set where test_mediumint.c2 = t_set.c2;

delete from test_int;
insert into test_int values (1,2), (2,3);
select * from test_int, t_set where test_int.c2 = t_set.c2;

delete from test_bigint;
insert into test_bigint values (1,2), (2,3);
select * from test_bigint, t_set where test_bigint.c2 = t_set.c2;

delete from test_utinyint;
insert into test_utinyint values (1,2), (2,3);
select * from test_utinyint, t_set where test_utinyint.c2 = t_set.c2;

delete from test_usmallint;
insert into test_usmallint values (1,2), (2,3);
select * from test_usmallint, t_set where test_usmallint.c2 = t_set.c2;

delete from test_umediumint;
insert into test_umediumint values (1,2), (2,3);
select * from test_umediumint, t_set where test_umediumint.c2 = t_set.c2;

delete from test_uint;
insert into test_uint values (1,2), (2,3);
select * from test_uint, t_set where test_uint.c2 = t_set.c2;

delete from test_ubigint;
insert into test_ubigint values (1,2), (2,3);
select * from test_ubigint, t_set where test_ubigint.c2 = t_set.c2;

delete from test_float;
insert into test_float values (1,2), (2,3);
select * from test_float, t_set where test_float.c2 = t_set.c2;

delete from test_double;
insert into test_double values (1,2), (2,3);
select * from test_double, t_set where test_double.c2 = t_set.c2;

delete from test_ufloat;
insert into test_ufloat values (1,2), (2,3);
select * from test_ufloat, t_set where test_ufloat.c2 = t_set.c2;

delete from test_udouble;
insert into test_udouble values (1,2), (2,3);
select * from test_udouble, t_set where test_udouble.c2 = t_set.c2;

delete from test_number;
insert into test_number values (1,2), (2,3);
select * from test_number, t_set where test_number.c2 = t_set.c2;

delete from test_unumber;
insert into test_unumber values (1,2), (2,3);
select * from test_unumber, t_set where test_unumber.c2 = t_set.c2;

delete from test_datetime;
insert into test_datetime select * from t_set;
select * from test_datetime, t_set where test_datetime.c2 = t_set.c2;

delete from test_timestamp;
insert into test_timestamp select * from t_set;
select * from test_timestamp, t_set where test_timestamp.c2 = t_set.c2;

delete from test_date;
insert into test_date select * from t_set;
select * from test_date, t_set where test_date.c2 = t_set.c2;

##TODO()
##time and enum ->
delete from test_time;
insert into test_time select * from t_set;
select * from test_time, t_set where test_time.c2 = t_set.c2;

delete from test_year;
insert into test_year select * from t_set;
select * from test_year, t_set where test_year.c2 = t_set.c2;

select c1, c2 from t_enum where c2=0x43;

delete from test_varchar;
insert into test_varchar select * from t_set;
select * from test_varchar, t_set where test_varchar.c2 = t_set.c2;

delete from test_char;
insert into test_char select * from t_set;
select * from test_char, t_set where test_char.c2 = t_set.c2;

##delete from test_tinytext;
##insert into test_tinytext select * from t_set;
##select * from test_tinytext, t_set where test_tinytext.c2 = t_set.c2;
##
##delete from test_text;
##insert into test_text select * from t_set;
##select * from test_text, t_set where test_text.c2 = t_set.c2;
##
##delete from test_mtext;
##insert into test_mtext select * from t_set;
##select * from test_mtext, t_set where test_mtext.c2 = t_set.c2;
##
##delete from test_ltext;
##insert into test_ltext select * from t_set;
##select * from test_ltext, t_set where test_ltext.c2 = t_set.c2;

delete from test_bit;
insert into test_bit select * from t_set;
select * from test_bit, t_set where test_bit.c2 = t_set.c2;

delete from test_enum;
insert into test_enum select * from t_set;
select * from test_enum, t_set where test_enum.c2 = t_set.c2;

delete from test_set;
insert into test_set select * from t_set;
select * from test_set, t_set where test_set.c2 = t_set.c2;

###############################-ifnull and nvl type map ############################
drop database test_enum_set;
create database test_enum_set;
use test_enum_set;
#----------------------------------------enum------------------------------------------------------------------#
####if enum is expr2, then it will be type VARCHAR except text type,  longtext for texttype
###

create table test_enum1(c_tinyint tinyint, c_smallint smallint, c_mint mediumint, c_int int, c_bigint bigint, c_utinyint tinyint unsigned, c_usmallint smallint  unsigned, c_umint mediumint unsigned, c_uint int unsigned, c_ubigint bigint unsigned, c_float float, c_double double, c_ufloat float unsigned, c_udouble double unsigned, c_dec decimal, c_udec decimal unsigned, c_datetime datetime, c_timestamp timestamp, c_date date, c_time time, c_year year, c_varchar varchar(16), c_char char(16), /* c_tinytext tinytext, c_text text, c_mtext mediumtext, c_ltext longtext,*/ c_bit bit(16), c_enum enum('a', 'b', 'c'), c_set set('a', 'b', 'c'), c_enum_t enum('a', 'b', 'c'));
insert into test_enum1 (c_enum_t) value(1);

select ifnull(null, c_enum_t), 1 in (ifnull(null, c_enum_t)), 'a' in (ifnull(null, c_enum_t)), c_enum_t+1-1, c_enum_t from test_enum1;
select ifnull(c_tinyint, c_enum_t), 1 in (ifnull(c_tinyint, c_enum_t)), 'a' in (ifnull(c_tinyint, c_enum_t)), c_enum_t+1-1, c_enum_t from test_enum1;
select ifnull(c_smallint, c_enum_t), 1 in (ifnull(c_smallint, c_enum_t)), 'a' in (ifnull(c_smallint, c_enum_t)), c_enum_t+1-1, c_enum_t from test_enum1;
select ifnull(c_mint, c_enum_t), 1 in (ifnull(c_mint, c_enum_t)), 'a' in (ifnull(c_mint, c_enum_t)), c_enum_t+1-1, c_enum_t from test_enum1;
select ifnull(c_int, c_enum_t), 1 in (ifnull(c_int, c_enum_t)), 'a' in (ifnull(c_int, c_enum_t)), c_enum_t+1-1, c_enum_t from test_enum1;
select ifnull(c_bigint, c_enum_t), 1 in (ifnull(c_bigint, c_enum_t)), 'a' in (ifnull(c_bigint, c_enum_t)), c_enum_t+1-1, c_enum_t from test_enum1;
select ifnull(c_utinyint, c_enum_t), 1 in (ifnull(c_utinyint, c_enum_t)), 'a' in (ifnull(c_utinyint, c_enum_t)), c_enum_t+1-1, c_enum_t from test_enum1;
select ifnull(c_usmallint, c_enum_t), 1 in (ifnull(c_usmallint, c_enum_t)), 'a' in (ifnull(c_usmallint, c_enum_t)), c_enum_t+1-1, c_enum_t from test_enum1;
select ifnull(c_umint, c_enum_t), 1 in (ifnull(c_umint, c_enum_t)), 'a' in (ifnull(c_umint, c_enum_t)), c_enum_t+1-1, c_enum_t from test_enum1;
select ifnull(c_uint, c_enum_t), 1 in (ifnull(c_uint, c_enum_t)), 'a' in (ifnull(c_uint, c_enum_t)), c_enum_t+1-1, c_enum_t from test_enum1;
select ifnull(c_ubigint, c_enum_t), 1 in (ifnull(c_ubigint, c_enum_t)), 'a' in (ifnull(c_ubigint, c_enum_t)), c_enum_t+1-1, c_enum_t from test_enum1;
select ifnull(c_float, c_enum_t), 1 in (ifnull(c_float, c_enum_t)), 'a' in (ifnull(c_float, c_enum_t)), c_enum_t+1-1, c_enum_t from test_enum1;
select ifnull(c_double, c_enum_t), 1 in (ifnull(c_double, c_enum_t)), 'a' in (ifnull(c_double, c_enum_t)), c_enum_t+1-1, c_enum_t from test_enum1;
select ifnull(c_ufloat, c_enum_t), 1 in (ifnull(c_ufloat, c_enum_t)), 'a' in (ifnull(c_ufloat, c_enum_t)), c_enum_t+1-1, c_enum_t from test_enum1;
select ifnull(c_udouble, c_enum_t), 1 in (ifnull(c_udouble, c_enum_t)), 'a' in (ifnull(c_udouble, c_enum_t)), c_enum_t+1-1, c_enum_t from test_enum1;
select ifnull(c_dec, c_enum_t), 1 in (ifnull(c_dec, c_enum_t)), 'a' in (ifnull(c_dec, c_enum_t)), c_enum_t+1-1, c_enum_t from test_enum1;
select ifnull(c_udec, c_enum_t), 1 in (ifnull(c_udec, c_enum_t)), 'a' in (ifnull(c_udec, c_enum_t)), c_enum_t+1-1, c_enum_t from test_enum1;
select ifnull(c_datetime, c_enum_t), 1 in (ifnull(c_datetime, c_enum_t)), 'a' in (ifnull(c_datetime, c_enum_t)), c_enum_t+1-1, c_enum_t from test_enum1;
select ifnull(c_timestamp, c_enum_t), 1 in (ifnull(c_timestamp, c_enum_t)), 'a' in (ifnull(c_timestamp, c_enum_t)), c_enum_t+1-1, c_enum_t from test_enum1;
select ifnull(c_date, c_enum_t), 1 in (ifnull(c_date, c_enum_t)), 'a' in (ifnull(c_date, c_enum_t)), c_enum_t+1-1, c_enum_t from test_enum1;
select ifnull(c_time, c_enum_t), 1 in (ifnull(c_time, c_enum_t)), 'a' in (ifnull(c_time, c_enum_t)), c_enum_t+1-1, c_enum_t from test_enum1;
select ifnull(c_year, c_enum_t), 1 in (ifnull(c_year, c_enum_t)), 'a' in (ifnull(c_year, c_enum_t)), c_enum_t+1-1, c_enum_t from test_enum1;
select ifnull(c_varchar, c_enum_t), 1 in (ifnull(c_varchar, c_enum_t)), 'a' in (ifnull(c_varchar, c_enum_t)), c_enum_t+1-1, c_enum_t from test_enum1;
select ifnull(c_char, c_enum_t), 1 in (ifnull(c_char, c_enum_t)), 'a' in (ifnull(c_char, c_enum_t)), c_enum_t+1-1, c_enum_t from test_enum1;
##select ifnull(c_tinytext, c_enum_t), 1 in (ifnull(c_tinytext, c_enum_t)), 'a' in (ifnull(c_tinytext, c_enum_t)), c_enum_t+1-1, c_enum_t from test_enum1;
##select ifnull(c_text, c_enum_t), 1 in (ifnull(c_text, c_enum_t)), 'a' in (ifnull(c_text, c_enum_t)), c_enum_t+1-1, c_enum_t from test_enum1;
##select ifnull(c_mtext, c_enum_t), 1 in (ifnull(c_mtext, c_enum_t)), 'a' in (ifnull(c_mtext, c_enum_t)), c_enum_t+1-1, c_enum_t from test_enum1;
##select ifnull(c_ltext, c_enum_t), 1 in (ifnull(c_ltext, c_enum_t)), 'a' in (ifnull(c_ltext, c_enum_t)), c_enum_t+1-1, c_enum_t from test_enum1;
select ifnull(c_bit, c_enum_t), 1 in (ifnull(c_bit, c_enum_t)), 'a' in (ifnull(c_bit, c_enum_t)), c_enum_t+1-1, c_enum_t from test_enum1;
select ifnull(c_enum, c_enum_t), 1 in (ifnull(c_enum, c_enum_t)), 'a' in (ifnull(c_enum, c_enum_t)), c_enum+1-1, c_enum from test_enum1;
select ifnull(c_set, c_enum_t), 1 in (ifnull(c_set, c_enum_t)), 'a' in (ifnull(c_set, c_enum_t)), c_enum_t+1-1, c_enum_t from test_enum1;

delete from test_enum1 where c_enum_t='a';

insert into test_enum1 value(-1, -1, -1, -1, -1,1,1,1,1,1, 1.0,1.0, 2.0,2.0, 3.0,3.0, "2016-01-01 00:01:02", "2016-01-02 00:01:02", "1999-01-01", "02:02:02", "1901", "varchar", "aaa", /*"tinytext", "text", "mtext", "longtext",*/ 0x43, 1, 2, 3);
create table tmp as select ifnull(null, c_enum_t), 1 in (ifnull(null, c_enum_t)), 'a' in (ifnull(null, c_enum_t)), c_enum_t+1-1, c_enum_t from test_enum1;
desc tmp;
drop table tmp;
create table tmp as select ifnull(c_tinyint, c_enum_t), 1 in (ifnull(c_tinyint, c_enum_t)), 'a' in (ifnull(c_tinyint, c_enum_t)), c_enum_t+1-1, c_enum_t from test_enum1;
desc tmp;
drop table tmp;
create table tmp as select ifnull(c_smallint, c_enum_t), 1 in (ifnull(c_smallint, c_enum_t)), 'a' in (ifnull(c_smallint, c_enum_t)), c_enum_t+1-1, c_enum_t from test_enum1;
desc tmp;
drop table tmp;
create table tmp as select ifnull(c_mint, c_enum_t), 1 in (ifnull(c_mint, c_enum_t)), 'a' in (ifnull(c_mint, c_enum_t)), c_enum_t+1-1, c_enum_t from test_enum1;
desc tmp;
drop table tmp;
create table tmp as select ifnull(c_int, c_enum_t), 1 in (ifnull(c_int, c_enum_t)), 'a' in (ifnull(c_int, c_enum_t)), c_enum_t+1-1, c_enum_t from test_enum1;
desc tmp;
drop table tmp;
create table tmp as select ifnull(c_bigint, c_enum_t), 1 in (ifnull(c_bigint, c_enum_t)), 'a' in (ifnull(c_bigint, c_enum_t)), c_enum_t+1-1, c_enum_t from test_enum1;
desc tmp;
drop table tmp;
create table tmp as select ifnull(c_utinyint, c_enum_t), 1 in (ifnull(c_utinyint, c_enum_t)), 'a' in (ifnull(c_utinyint, c_enum_t)), c_enum_t+1-1, c_enum_t from test_enum1;
desc tmp;
drop table tmp;
create table tmp as select ifnull(c_usmallint, c_enum_t), 1 in (ifnull(c_usmallint, c_enum_t)), 'a' in (ifnull(c_usmallint, c_enum_t)), c_enum_t+1-1, c_enum_t from test_enum1;
desc tmp;
drop table tmp;
create table tmp as select ifnull(c_umint, c_enum_t), 1 in (ifnull(c_umint, c_enum_t)), 'a' in (ifnull(c_umint, c_enum_t)), c_enum_t+1-1, c_enum_t from test_enum1;
desc tmp;
drop table tmp;
create table tmp as select ifnull(c_uint, c_enum_t), 1 in (ifnull(c_uint, c_enum_t)), 'a' in (ifnull(c_uint, c_enum_t)), c_enum_t+1-1, c_enum_t from test_enum1;
desc tmp;
drop table tmp;
create table tmp as select ifnull(c_ubigint, c_enum_t), 1 in (ifnull(c_ubigint, c_enum_t)), 'a' in (ifnull(c_ubigint, c_enum_t)), c_enum_t+1-1, c_enum_t from test_enum1;
desc tmp;
drop table tmp;
create table tmp as select ifnull(c_float, c_enum_t), 1 in (ifnull(c_float, c_enum_t)), 'a' in (ifnull(c_float, c_enum_t)), c_enum_t+1-1, c_enum_t from test_enum1;
desc tmp;
drop table tmp;
create table tmp as select ifnull(c_double, c_enum_t), 1 in (ifnull(c_double, c_enum_t)), 'a' in (ifnull(c_double, c_enum_t)), c_enum_t+1-1, c_enum_t from test_enum1;
desc tmp;
drop table tmp;
create table tmp as select ifnull(c_ufloat, c_enum_t), 1 in (ifnull(c_ufloat, c_enum_t)), 'a' in (ifnull(c_ufloat, c_enum_t)), c_enum_t+1-1, c_enum_t from test_enum1;
desc tmp;
drop table tmp;
create table tmp as select ifnull(c_udouble, c_enum_t), 1 in (ifnull(c_udouble, c_enum_t)), 'a' in (ifnull(c_udouble, c_enum_t)), c_enum_t+1-1, c_enum_t from test_enum1;
desc tmp;
drop table tmp;
create table tmp as select ifnull(c_dec, c_enum_t), 1 in (ifnull(c_dec, c_enum_t)), 'a' in (ifnull(c_dec, c_enum_t)), c_enum_t+1-1, c_enum_t from test_enum1;
desc tmp;
drop table tmp;
create table tmp as select ifnull(c_udec, c_enum_t), 1 in (ifnull(c_udec, c_enum_t)), 'a' in (ifnull(c_udec, c_enum_t)), c_enum_t+1-1, c_enum_t from test_enum1;
desc tmp;
drop table tmp;
create table tmp as select ifnull(c_datetime, c_enum_t), 1 in (ifnull(c_datetime, c_enum_t)), 'a' in (ifnull(c_datetime, c_enum_t)), c_enum_t+1-1, c_enum_t from test_enum1;
desc tmp;
drop table tmp;
create table tmp as select ifnull(c_timestamp, c_enum_t), 1 in (ifnull(c_timestamp, c_enum_t)), 'a' in (ifnull(c_timestamp, c_enum_t)), c_enum_t+1-1, c_enum_t from test_enum1;
desc tmp;
drop table tmp;
create table tmp as select ifnull(c_date, c_enum_t), 1 in (ifnull(c_date, c_enum_t)), 'a' in (ifnull(c_date, c_enum_t)), c_enum_t+1-1, c_enum_t from test_enum1;
desc tmp;
drop table tmp;
create table tmp as select ifnull(c_time, c_enum_t), 1 in (ifnull(c_time, c_enum_t)), 'a' in (ifnull(c_time, c_enum_t)), c_enum_t+1-1, c_enum_t from test_enum1;
desc tmp;
drop table tmp;
create table tmp as select ifnull(c_year, c_enum_t), 1 in (ifnull(c_year, c_enum_t)), 'a' in (ifnull(c_year, c_enum_t)), c_enum_t+1-1, c_enum_t from test_enum1;
desc tmp;
drop table tmp;
create table tmp as select ifnull(c_varchar, c_enum_t), 1 in (ifnull(c_varchar, c_enum_t)), 'a' in (ifnull(c_varchar, c_enum_t)), c_enum_t+1-1, c_enum_t from test_enum1;
desc tmp;
drop table tmp;
create table tmp as select ifnull(c_char, c_enum_t), 1 in (ifnull(c_char, c_enum_t)), 'a' in (ifnull(c_char, c_enum_t)), c_enum_t+1-1, c_enum_t from test_enum1;
desc tmp;
drop table tmp;
##create table tmp as select ifnull(c_tinytext, c_enum_t), 1 in (ifnull(c_tinytext, c_enum_t)), 'a' in (ifnull(c_tinytext, c_enum_t)), c_enum_t+1-1, c_enum_t from test_enum1;
##desc tmp;
##drop table tmp;
##create table tmp as select ifnull(c_text, c_enum_t), 1 in (ifnull(c_text, c_enum_t)), 'a' in (ifnull(c_text, c_enum_t)), c_enum_t+1-1, c_enum_t from test_enum1;
##desc tmp;
##drop table tmp;
##create table tmp as select ifnull(c_mtext, c_enum_t), 1 in (ifnull(c_mtext, c_enum_t)), 'a' in (ifnull(c_mtext, c_enum_t)), c_enum_t+1-1, c_enum_t from test_enum1;
##desc tmp;
##drop table tmp;
##create table tmp as select ifnull(c_ltext, c_enum_t), 1 in (ifnull(c_ltext, c_enum_t)), 'a' in (ifnull(c_ltext, c_enum_t)), c_enum_t+1-1, c_enum_t from test_enum1;
##desc tmp;
##drop table tmp;
create table tmp as select ifnull(c_bit, c_enum_t), 1 in (ifnull(c_bit, c_enum_t)), 'a' in (ifnull(c_bit, c_enum_t)), c_enum_t+1-1, c_enum_t from test_enum1;
desc tmp;
drop table tmp;
create table tmp as select ifnull(c_enum, c_enum_t), 1 in (ifnull(c_enum, c_enum_t)), 'a' in (ifnull(c_enum, c_enum_t)), c_enum+1-1, c_enum from test_enum1;
desc tmp;
drop table tmp;
create table tmp as select ifnull(c_set, c_enum_t), 1 in (ifnull(c_set, c_enum_t)), 'a' in (ifnull(c_set, c_enum_t)), c_enum_t+1-1, c_enum_t from test_enum1;
desc tmp;
drop table tmp;

create table tmp as select ifnull(c_enum_t, null), 1 in (ifnull(c_enum_t, null)), 'a' in (ifnull(c_enum_t, null)), c_enum_t+1-1, c_enum_t from test_enum1;
desc tmp;
drop table tmp;
create table tmp as select ifnull(c_enum_t, c_tinyint), 1 in (ifnull(c_enum_t, c_tinyint)), 'a' in (ifnull(c_enum_t, c_tinyint)), c_enum_t+1-1, c_enum_t from test_enum1;
desc tmp;
drop table tmp;
create table tmp as select ifnull(c_enum_t, c_smallint), 1 in (ifnull(c_enum_t, c_smallint)), 'a' in (ifnull(c_enum_t, c_smallint)), c_enum_t+1-1, c_enum_t from test_enum1;
desc tmp;
drop table tmp;
create table tmp as select ifnull(c_enum_t, c_mint), 1 in (ifnull(c_enum_t, c_mint)), 'a' in (ifnull(c_enum_t, c_mint)), c_enum_t+1-1, c_enum_t from test_enum1;
desc tmp;
drop table tmp;
create table tmp as select ifnull(c_enum_t, c_int), 1 in (ifnull(c_enum_t, c_int)), 'a' in (ifnull(c_enum_t, c_int)), c_enum_t+1-1, c_enum_t from test_enum1;
desc tmp;
drop table tmp;
create table tmp as select ifnull(c_enum_t, c_bigint), 1 in (ifnull(c_enum_t, c_bigint)), 'a' in (ifnull(c_enum_t, c_bigint)), c_enum_t+1-1, c_enum_t from test_enum1;
desc tmp;
drop table tmp;
create table tmp as select ifnull(c_enum_t, c_utinyint), 1 in (ifnull(c_enum_t, c_utinyint)), 'a' in (ifnull(c_enum_t, c_utinyint)), c_enum_t+1-1, c_enum_t from test_enum1;
desc tmp;
drop table tmp;
create table tmp as select ifnull(c_enum_t, c_usmallint), 1 in (ifnull(c_enum_t, c_usmallint)), 'a' in (ifnull(c_enum_t, c_usmallint)), c_enum_t+1-1, c_enum_t from test_enum1;
desc tmp;
drop table tmp;
create table tmp as select ifnull(c_enum_t, c_umint), 1 in (ifnull(c_enum_t, c_umint)), 'a' in (ifnull(c_enum_t, c_umint)), c_enum_t+1-1, c_enum_t from test_enum1;
desc tmp;
drop table tmp;
create table tmp as select ifnull(c_enum_t, c_uint), 1 in (ifnull(c_enum_t, c_uint)), 'a' in (ifnull(c_enum_t, c_uint)), c_enum_t+1-1, c_enum_t from test_enum1;
desc tmp;
drop table tmp;
create table tmp as select ifnull(c_enum_t, c_ubigint), 1 in (ifnull(c_enum_t, c_ubigint)), 'a' in (ifnull(c_enum_t, c_ubigint)), c_enum_t+1-1, c_enum_t from test_enum1;
desc tmp;
drop table tmp;
create table tmp as select ifnull(c_enum_t, c_float), 1 in (ifnull(c_enum_t, c_float)), 'a' in (ifnull(c_enum_t, c_float)), c_enum_t+1-1, c_enum_t from test_enum1;
desc tmp;
drop table tmp;
create table tmp as select ifnull(c_enum_t, c_double), 1 in (ifnull(c_enum_t, c_double)), 'a' in (ifnull(c_enum_t, c_double)), c_enum_t+1-1, c_enum_t from test_enum1;
desc tmp;
drop table tmp;
create table tmp as select ifnull(c_enum_t, c_ufloat), 1 in (ifnull(c_enum_t, c_ufloat)), 'a' in (ifnull(c_enum_t, c_ufloat)), c_enum_t+1-1, c_enum_t from test_enum1;
desc tmp;
drop table tmp;
create table tmp as select ifnull(c_enum_t, c_udouble), 1 in (ifnull(c_enum_t, c_udouble)), 'a' in (ifnull(c_enum_t, c_udouble)), c_enum_t+1-1, c_enum_t from test_enum1;
desc tmp;
drop table tmp;
create table tmp as select ifnull(c_enum_t, c_dec), 1 in (ifnull(c_enum_t, c_dec)), 'a' in (ifnull(c_enum_t, c_dec)), c_enum_t+1-1, c_enum_t from test_enum1;
desc tmp;
drop table tmp;
create table tmp as select ifnull(c_enum_t, c_udec), 1 in (ifnull(c_enum_t, c_udec)), 'a' in (ifnull(c_enum_t, c_udec)), c_enum_t+1-1, c_enum_t from test_enum1;
desc tmp;
drop table tmp;
create table tmp as select ifnull(c_enum_t, c_datetime), 1 in (ifnull(c_enum_t, c_datetime)), 'a' in (ifnull(c_enum_t, c_datetime)), c_enum_t+1-1, c_enum_t from test_enum1;
desc tmp;
drop table tmp;
create table tmp as select ifnull(c_enum_t, c_timestamp), 1 in (ifnull(c_enum_t, c_timestamp)), 'a' in (ifnull(c_enum_t, c_timestamp)), c_enum_t+1-1, c_enum_t from test_enum1;
desc tmp;
drop table tmp;
create table tmp as select ifnull(c_enum_t, c_date), 1 in (ifnull(c_enum_t, c_date)), 'a' in (ifnull(c_enum_t, c_date)), c_enum_t+1-1, c_enum_t from test_enum1;
desc tmp;
drop table tmp;
create table tmp as select ifnull(c_enum_t, c_time), 1 in (ifnull(c_enum_t, c_time)), 'a' in (ifnull(c_enum_t, c_time)), c_enum_t+1-1, c_enum_t from test_enum1;
desc tmp;
drop table tmp;
create table tmp as select ifnull(c_enum_t, c_year), 1 in (ifnull(c_enum_t, c_year)), 'a' in (ifnull(c_enum_t, c_year)), c_enum_t+1-1, c_enum_t from test_enum1;
desc tmp;
drop table tmp;
create table tmp as select ifnull(c_enum_t, c_varchar), 1 in (ifnull(c_enum_t, c_varchar)), 'a' in (ifnull(c_enum_t, c_varchar)), c_enum_t+1-1, c_enum_t from test_enum1;
desc tmp;
drop table tmp;
create table tmp as select ifnull(c_enum_t, c_char), 1 in (ifnull(c_enum_t, c_char)), 'a' in (ifnull(c_enum_t, c_char)), c_enum_t+1-1, c_enum_t from test_enum1;
desc tmp;
drop table tmp;
##create table tmp as select ifnull(c_enum_t, c_tinytext), 1 in (ifnull(c_enum_t, c_tinytext)), 'a' in (ifnull(c_enum_t, c_tinytext)), c_enum_t+1-1, c_enum_t from test_enum1;
##desc tmp;
##drop table tmp;
##create table tmp as select ifnull(c_enum_t, c_text), 1 in (ifnull(c_enum_t, c_text)), 'a' in (ifnull(c_enum_t, c_text)), c_enum_t+1-1, c_enum_t from test_enum1;
##desc tmp;
##drop table tmp;
##create table tmp as select ifnull(c_enum_t, c_mtext), 1 in (ifnull(c_enum_t, c_mtext)), 'a' in (ifnull(c_enum_t, c_mtext)), c_enum_t+1-1, c_enum_t from test_enum1;
##desc tmp;
##drop table tmp;
##create table tmp as select ifnull(c_enum_t, c_ltext), 1 in (ifnull(c_enum_t, c_ltext)), 'a' in (ifnull(c_enum_t, c_ltext)), c_enum_t+1-1, c_enum_t from test_enum1;
##desc tmp;
##drop table tmp;
create table tmp as select ifnull(c_enum_t, c_bit), 1 in (ifnull(c_enum_t, c_bit)), 'a' in (ifnull(c_enum_t, c_bit)), c_enum_t+1-1, c_enum_t from test_enum1;
desc tmp;
drop table tmp;
create table tmp as select ifnull(c_enum_t, c_enum), 1 in (ifnull(c_enum_t, c_enum)), 'a' in (ifnull(c_enum_t, c_enum)), c_enum+1-1, c_enum from test_enum1;
desc tmp;
drop table tmp;
create table tmp as select ifnull(c_enum_t, c_set), 1 in (ifnull(c_enum_t, c_set)), 'a' in (ifnull(c_enum_t, c_set)), c_enum_t+1-1, c_enum_t from test_enum1;
desc tmp;
drop table tmp;

#--------------------------------------------------set---------------------------------------------------#
####if enum is expr2, then it will be type VARCHAR except text type,  longtext for texttype
###

create table test_set1(c_tinyint tinyint, c_smallint smallint, c_mint mediumint, c_int int, c_bigint bigint, c_utinyint tinyint unsigned, c_usmallint smallint  unsigned, c_umint mediumint unsigned, c_uint int unsigned, c_ubigint bigint unsigned, c_float float, c_double double, c_ufloat float unsigned, c_udouble double unsigned, c_dec decimal, c_udec decimal unsigned, c_datetime datetime, c_timestamp timestamp, c_date date, c_time time, c_year year, c_varchar varchar(16), c_char char(16), /*c_tinytext tinytext, c_text text, c_mtext mediumtext, c_ltext longtext,*/ c_bit bit(16), c_enum enum('a', 'b', 'c'), c_set set('a', 'b', 'c'), c_set_t set('a', 'b', 'c'));
insert into test_set1 (c_set_t) value(1);

select ifnull(null, c_set_t), 1 in (ifnull(null, c_set_t)), 'a' in (ifnull(null, c_set_t)), c_set_t+1-1, c_set_t from test_set1;
select ifnull(c_tinyint, c_set_t), 1 in (ifnull(c_tinyint, c_set_t)), 'a' in (ifnull(c_tinyint, c_set_t)), c_set_t+1-1, c_set_t from test_set1;
select ifnull(c_smallint, c_set_t), 1 in (ifnull(c_smallint, c_set_t)), 'a' in (ifnull(c_smallint, c_set_t)), c_set_t+1-1, c_set_t from test_set1;
select ifnull(c_mint, c_set_t), 1 in (ifnull(c_mint, c_set_t)), 'a' in (ifnull(c_mint, c_set_t)), c_set_t+1-1, c_set_t from test_set1;
select ifnull(c_int, c_set_t), 1 in (ifnull(c_int, c_set_t)), 'a' in (ifnull(c_int, c_set_t)), c_set_t+1-1, c_set_t from test_set1;
select ifnull(c_bigint, c_set_t), 1 in (ifnull(c_bigint, c_set_t)), 'a' in (ifnull(c_bigint, c_set_t)), c_set_t+1-1, c_set_t from test_set1;
select ifnull(c_utinyint, c_set_t), 1 in (ifnull(c_utinyint, c_set_t)), 'a' in (ifnull(c_utinyint, c_set_t)), c_set_t+1-1, c_set_t from test_set1;
select ifnull(c_usmallint, c_set_t), 1 in (ifnull(c_usmallint, c_set_t)), 'a' in (ifnull(c_usmallint, c_set_t)), c_set_t+1-1, c_set_t from test_set1;
select ifnull(c_umint, c_set_t), 1 in (ifnull(c_umint, c_set_t)), 'a' in (ifnull(c_umint, c_set_t)), c_set_t+1-1, c_set_t from test_set1;
select ifnull(c_uint, c_set_t), 1 in (ifnull(c_uint, c_set_t)), 'a' in (ifnull(c_uint, c_set_t)), c_set_t+1-1, c_set_t from test_set1;
select ifnull(c_ubigint, c_set_t), 1 in (ifnull(c_ubigint, c_set_t)), 'a' in (ifnull(c_ubigint, c_set_t)), c_set_t+1-1, c_set_t from test_set1;
select ifnull(c_float, c_set_t), 1 in (ifnull(c_float, c_set_t)), 'a' in (ifnull(c_float, c_set_t)), c_set_t+1-1, c_set_t from test_set1;
select ifnull(c_double, c_set_t), 1 in (ifnull(c_double, c_set_t)), 'a' in (ifnull(c_double, c_set_t)), c_set_t+1-1, c_set_t from test_set1;
select ifnull(c_ufloat, c_set_t), 1 in (ifnull(c_ufloat, c_set_t)), 'a' in (ifnull(c_ufloat, c_set_t)), c_set_t+1-1, c_set_t from test_set1;
select ifnull(c_udouble, c_set_t), 1 in (ifnull(c_udouble, c_set_t)), 'a' in (ifnull(c_udouble, c_set_t)), c_set_t+1-1, c_set_t from test_set1;
select ifnull(c_dec, c_set_t), 1 in (ifnull(c_dec, c_set_t)), 'a' in (ifnull(c_dec, c_set_t)), c_set_t+1-1, c_set_t from test_set1;
select ifnull(c_udec, c_set_t), 1 in (ifnull(c_udec, c_set_t)), 'a' in (ifnull(c_udec, c_set_t)), c_set_t+1-1, c_set_t from test_set1;
select ifnull(c_datetime, c_set_t), 1 in (ifnull(c_datetime, c_set_t)), 'a' in (ifnull(c_datetime, c_set_t)), c_set_t+1-1, c_set_t from test_set1;
select ifnull(c_timestamp, c_set_t), 1 in (ifnull(c_timestamp, c_set_t)), 'a' in (ifnull(c_timestamp, c_set_t)), c_set_t+1-1, c_set_t from test_set1;
select ifnull(c_date, c_set_t), 1 in (ifnull(c_date, c_set_t)), 'a' in (ifnull(c_date, c_set_t)), c_set_t+1-1, c_set_t from test_set1;
select ifnull(c_time, c_set_t), 1 in (ifnull(c_time, c_set_t)), 'a' in (ifnull(c_time, c_set_t)), c_set_t+1-1, c_set_t from test_set1;
select ifnull(c_year, c_set_t), 1 in (ifnull(c_year, c_set_t)), 'a' in (ifnull(c_year, c_set_t)), c_set_t+1-1, c_set_t from test_set1;
select ifnull(c_varchar, c_set_t), 1 in (ifnull(c_varchar, c_set_t)), 'a' in (ifnull(c_varchar, c_set_t)), c_set_t+1-1, c_set_t from test_set1;
select ifnull(c_char, c_set_t), 1 in (ifnull(c_char, c_set_t)), 'a' in (ifnull(c_char, c_set_t)), c_set_t+1-1, c_set_t from test_set1;
##select ifnull(c_tinytext, c_set_t), 1 in (ifnull(c_tinytext, c_set_t)), 'a' in (ifnull(c_tinytext, c_set_t)), c_set_t+1-1, c_set_t from test_set1;
##select ifnull(c_text, c_set_t), 1 in (ifnull(c_text, c_set_t)), 'a' in (ifnull(c_text, c_set_t)), c_set_t+1-1, c_set_t from test_set1;
##select ifnull(c_mtext, c_set_t), 1 in (ifnull(c_mtext, c_set_t)), 'a' in (ifnull(c_mtext, c_set_t)), c_set_t+1-1, c_set_t from test_set1;
##select ifnull(c_ltext, c_set_t), 1 in (ifnull(c_ltext, c_set_t)), 'a' in (ifnull(c_ltext, c_set_t)), c_set_t+1-1, c_set_t from test_set1;
select ifnull(c_bit, c_set_t), 1 in (ifnull(c_bit, c_set_t)), 'a' in (ifnull(c_bit, c_set_t)), c_set_t+1-1, c_set_t from test_set1;
select ifnull(c_enum, c_set_t), 1 in (ifnull(c_enum, c_set_t)), 'a' in (ifnull(c_enum, c_set_t)), c_enum+1-1, c_enum from test_set1;
select ifnull(c_set, c_set_t), 1 in (ifnull(c_set, c_set_t)), 'a' in (ifnull(c_set, c_set_t)), c_set_t+1-1, c_set_t from test_set1;

delete from test_set1 where c_set_t='a';
insert into test_set1 value(-1, -1, -1, -1, -1,1,1,1,1,1, 1.0,1.0, 2.0,2.0, 3.0,3.0, "2016-01-01 00:01:02", "2016-01-02 00:01:02", "1999-01-01", "02:02:02", "1901", "varchar", "aaa", /*"tinytext", "text", "mtext", "longtext",*/ 0x43, 1, 2, 4);
create table tmp as select ifnull(null, c_set_t), 1 in (ifnull(null, c_set_t)), 'a' in (ifnull(null, c_set_t)), c_set_t+1-1, c_set_t from test_set1;
desc tmp;
drop table tmp;
create table tmp as select ifnull(c_tinyint, c_set_t), 1 in (ifnull(c_tinyint, c_set_t)), 'a' in (ifnull(c_tinyint, c_set_t)), c_set_t+1-1, c_set_t from test_set1;
desc tmp;
drop table tmp;
create table tmp as select ifnull(c_smallint, c_set_t), 1 in (ifnull(c_smallint, c_set_t)), 'a' in (ifnull(c_smallint, c_set_t)), c_set_t+1-1, c_set_t from test_set1;
desc tmp;
drop table tmp;
create table tmp as select ifnull(c_mint, c_set_t), 1 in (ifnull(c_mint, c_set_t)), 'a' in (ifnull(c_mint, c_set_t)), c_set_t+1-1, c_set_t from test_set1;
desc tmp;
drop table tmp;
create table tmp as select ifnull(c_int, c_set_t), 1 in (ifnull(c_int, c_set_t)), 'a' in (ifnull(c_int, c_set_t)), c_set_t+1-1, c_set_t from test_set1;
desc tmp;
drop table tmp;
create table tmp as select ifnull(c_bigint, c_set_t), 1 in (ifnull(c_bigint, c_set_t)), 'a' in (ifnull(c_bigint, c_set_t)), c_set_t+1-1, c_set_t from test_set1;
desc tmp;
drop table tmp;
create table tmp as select ifnull(c_utinyint, c_set_t), 1 in (ifnull(c_utinyint, c_set_t)), 'a' in (ifnull(c_utinyint, c_set_t)), c_set_t+1-1, c_set_t from test_set1;
desc tmp;
drop table tmp;
create table tmp as select ifnull(c_usmallint, c_set_t), 1 in (ifnull(c_usmallint, c_set_t)), 'a' in (ifnull(c_usmallint, c_set_t)), c_set_t+1-1, c_set_t from test_set1;
desc tmp;
drop table tmp;
create table tmp as select ifnull(c_umint, c_set_t), 1 in (ifnull(c_umint, c_set_t)), 'a' in (ifnull(c_umint, c_set_t)), c_set_t+1-1, c_set_t from test_set1;
desc tmp;
drop table tmp;
create table tmp as select ifnull(c_uint, c_set_t), 1 in (ifnull(c_uint, c_set_t)), 'a' in (ifnull(c_uint, c_set_t)), c_set_t+1-1, c_set_t from test_set1;
desc tmp;
drop table tmp;
create table tmp as select ifnull(c_ubigint, c_set_t), 1 in (ifnull(c_ubigint, c_set_t)), 'a' in (ifnull(c_ubigint, c_set_t)), c_set_t+1-1, c_set_t from test_set1;
desc tmp;
drop table tmp;
create table tmp as select ifnull(c_float, c_set_t), 1 in (ifnull(c_float, c_set_t)), 'a' in (ifnull(c_float, c_set_t)), c_set_t+1-1, c_set_t from test_set1;
desc tmp;
drop table tmp;
create table tmp as select ifnull(c_double, c_set_t), 1 in (ifnull(c_double, c_set_t)), 'a' in (ifnull(c_double, c_set_t)), c_set_t+1-1, c_set_t from test_set1;
desc tmp;
drop table tmp;
create table tmp as select ifnull(c_ufloat, c_set_t), 1 in (ifnull(c_ufloat, c_set_t)), 'a' in (ifnull(c_ufloat, c_set_t)), c_set_t+1-1, c_set_t from test_set1;
desc tmp;
drop table tmp;
create table tmp as select ifnull(c_udouble, c_set_t), 1 in (ifnull(c_udouble, c_set_t)), 'a' in (ifnull(c_udouble, c_set_t)), c_set_t+1-1, c_set_t from test_set1;
desc tmp;
drop table tmp;
create table tmp as select ifnull(c_dec, c_set_t), 1 in (ifnull(c_dec, c_set_t)), 'a' in (ifnull(c_dec, c_set_t)), c_set_t+1-1, c_set_t from test_set1;
desc tmp;
drop table tmp;
create table tmp as select ifnull(c_udec, c_set_t), 1 in (ifnull(c_udec, c_set_t)), 'a' in (ifnull(c_udec, c_set_t)), c_set_t+1-1, c_set_t from test_set1;
desc tmp;
drop table tmp;
create table tmp as select ifnull(c_datetime, c_set_t), 1 in (ifnull(c_datetime, c_set_t)), 'a' in (ifnull(c_datetime, c_set_t)), c_set_t+1-1, c_set_t from test_set1;
desc tmp;
drop table tmp;
create table tmp as select ifnull(c_timestamp, c_set_t), 1 in (ifnull(c_timestamp, c_set_t)), 'a' in (ifnull(c_timestamp, c_set_t)), c_set_t+1-1, c_set_t from test_set1;
desc tmp;
drop table tmp;
create table tmp as select ifnull(c_date, c_set_t), 1 in (ifnull(c_date, c_set_t)), 'a' in (ifnull(c_date, c_set_t)), c_set_t+1-1, c_set_t from test_set1;
desc tmp;
drop table tmp;
create table tmp as select ifnull(c_time, c_set_t), 1 in (ifnull(c_time, c_set_t)), 'a' in (ifnull(c_time, c_set_t)), c_set_t+1-1, c_set_t from test_set1;
desc tmp;
drop table tmp;
create table tmp as select ifnull(c_year, c_set_t), 1 in (ifnull(c_year, c_set_t)), 'a' in (ifnull(c_year, c_set_t)), c_set_t+1-1, c_set_t from test_set1;
desc tmp;
drop table tmp;
create table tmp as select ifnull(c_varchar, c_set_t), 1 in (ifnull(c_varchar, c_set_t)), 'a' in (ifnull(c_varchar, c_set_t)), c_set_t+1-1, c_set_t from test_set1;
desc tmp;
drop table tmp;
create table tmp as select ifnull(c_char, c_set_t), 1 in (ifnull(c_char, c_set_t)), 'a' in (ifnull(c_char, c_set_t)), c_set_t+1-1, c_set_t from test_set1;
desc tmp;
drop table tmp;
##create table tmp as select ifnull(c_tinytext, c_set_t), 1 in (ifnull(c_tinytext, c_set_t)), 'a' in (ifnull(c_tinytext, c_set_t)), c_set_t+1-1, c_set_t from test_set1;
##desc tmp;
##drop table tmp;
##create table tmp as select ifnull(c_text, c_set_t), 1 in (ifnull(c_text, c_set_t)), 'a' in (ifnull(c_text, c_set_t)), c_set_t+1-1, c_set_t from test_set1;
##desc tmp;
##drop table tmp;
##create table tmp as select ifnull(c_mtext, c_set_t), 1 in (ifnull(c_mtext, c_set_t)), 'a' in (ifnull(c_mtext, c_set_t)), c_set_t+1-1, c_set_t from test_set1;
##desc tmp;
##drop table tmp;
##create table tmp as select ifnull(c_ltext, c_set_t), 1 in (ifnull(c_ltext, c_set_t)), 'a' in (ifnull(c_ltext, c_set_t)), c_set_t+1-1, c_set_t from test_set1;
##desc tmp;
##drop table tmp;
create table tmp as select ifnull(c_bit, c_set_t), 1 in (ifnull(c_bit, c_set_t)), 'a' in (ifnull(c_bit, c_set_t)), c_set_t+1-1, c_set_t from test_set1;
desc tmp;
drop table tmp;
create table tmp as select ifnull(c_enum, c_set_t), 1 in (ifnull(c_enum, c_set_t)), 'a' in (ifnull(c_enum, c_set_t)), c_enum+1-1, c_enum from test_set1;
desc tmp;
drop table tmp;
create table tmp as select ifnull(c_set, c_set_t), 1 in (ifnull(c_set, c_set_t)), 'a' in (ifnull(c_set, c_set_t)), c_set_t+1-1, c_set_t from test_set1;
desc tmp;
drop table tmp;


create table tmp as select ifnull(c_set_t, null), 1 in (ifnull(c_set_t, null)), 'a' in (ifnull(c_set_t, null)), c_set_t+1-1, c_set_t from test_set1;
desc tmp;
drop table tmp;
create table tmp as select ifnull(c_set_t, c_tinyint), 1 in (ifnull(c_set_t, c_tinyint)), 'a' in (ifnull(c_set_t, c_tinyint)), c_set_t+1-1, c_set_t from test_set1;
desc tmp;
drop table tmp;
create table tmp as select ifnull(c_set_t, c_smallint), 1 in (ifnull(c_set_t, c_smallint)), 'a' in (ifnull(c_set_t, c_smallint)), c_set_t+1-1, c_set_t from test_set1;
desc tmp;
drop table tmp;
create table tmp as select ifnull(c_set_t, c_mint), 1 in (ifnull(c_set_t, c_mint)), 'a' in (ifnull(c_set_t, c_mint)), c_set_t+1-1, c_set_t from test_set1;
desc tmp;
drop table tmp;
create table tmp as select ifnull(c_set_t, c_int), 1 in (ifnull(c_set_t, c_int)), 'a' in (ifnull(c_set_t, c_int)), c_set_t+1-1, c_set_t from test_set1;
desc tmp;
drop table tmp;
create table tmp as select ifnull(c_set_t, c_bigint), 1 in (ifnull(c_set_t, c_bigint)), 'a' in (ifnull(c_set_t, c_bigint)), c_set_t+1-1, c_set_t from test_set1;
desc tmp;
drop table tmp;
create table tmp as select ifnull(c_set_t, c_utinyint), 1 in (ifnull(c_set_t, c_utinyint)), 'a' in (ifnull(c_set_t, c_utinyint)), c_set_t+1-1, c_set_t from test_set1;
desc tmp;
drop table tmp;
create table tmp as select ifnull(c_set_t, c_usmallint), 1 in (ifnull(c_set_t, c_usmallint)), 'a' in (ifnull(c_set_t, c_usmallint)), c_set_t+1-1, c_set_t from test_set1;
desc tmp;
drop table tmp;
create table tmp as select ifnull(c_set_t, c_umint), 1 in (ifnull(c_set_t, c_umint)), 'a' in (ifnull(c_set_t, c_umint)), c_set_t+1-1, c_set_t from test_set1;
desc tmp;
drop table tmp;
create table tmp as select ifnull(c_set_t, c_uint), 1 in (ifnull(c_set_t, c_uint)), 'a' in (ifnull(c_set_t, c_uint)), c_set_t+1-1, c_set_t from test_set1;
desc tmp;
drop table tmp;
create table tmp as select ifnull(c_set_t, c_ubigint), 1 in (ifnull(c_set_t, c_ubigint)), 'a' in (ifnull(c_set_t, c_ubigint)), c_set_t+1-1, c_set_t from test_set1;
desc tmp;
drop table tmp;
create table tmp as select ifnull(c_set_t, c_float), 1 in (ifnull(c_set_t, c_float)), 'a' in (ifnull(c_set_t, c_float)), c_set_t+1-1, c_set_t from test_set1;
desc tmp;
drop table tmp;
create table tmp as select ifnull(c_set_t, c_double), 1 in (ifnull(c_set_t, c_double)), 'a' in (ifnull(c_set_t, c_double)), c_set_t+1-1, c_set_t from test_set1;
desc tmp;
drop table tmp;
create table tmp as select ifnull(c_set_t, c_ufloat), 1 in (ifnull(c_set_t, c_ufloat)), 'a' in (ifnull(c_set_t, c_ufloat)), c_set_t+1-1, c_set_t from test_set1;
desc tmp;
drop table tmp;
create table tmp as select ifnull(c_set_t, c_udouble), 1 in (ifnull(c_set_t, c_udouble)), 'a' in (ifnull(c_set_t, c_udouble)), c_set_t+1-1, c_set_t from test_set1;
desc tmp;
drop table tmp;
create table tmp as select ifnull(c_set_t, c_dec), 1 in (ifnull(c_set_t, c_dec)), 'a' in (ifnull(c_set_t, c_dec)), c_set_t+1-1, c_set_t from test_set1;
desc tmp;
drop table tmp;
create table tmp as select ifnull(c_set_t, c_udec), 1 in (ifnull(c_set_t, c_udec)), 'a' in (ifnull(c_set_t, c_udec)), c_set_t+1-1, c_set_t from test_set1;
desc tmp;
drop table tmp;
create table tmp as select ifnull(c_set_t, c_datetime), 1 in (ifnull(c_set_t, c_datetime)), 'a' in (ifnull(c_set_t, c_datetime)), c_set_t+1-1, c_set_t from test_set1;
desc tmp;
drop table tmp;
create table tmp as select ifnull(c_set_t, c_timestamp), 1 in (ifnull(c_set_t, c_timestamp)), 'a' in (ifnull(c_set_t, c_timestamp)), c_set_t+1-1, c_set_t from test_set1;
desc tmp;
drop table tmp;
create table tmp as select ifnull(c_set_t, c_date), 1 in (ifnull(c_set_t, c_date)), 'a' in (ifnull(c_set_t, c_date)), c_set_t+1-1, c_set_t from test_set1;
desc tmp;
drop table tmp;
create table tmp as select ifnull(c_set_t, c_time), 1 in (ifnull(c_set_t, c_time)), 'a' in (ifnull(c_set_t, c_time)), c_set_t+1-1, c_set_t from test_set1;
desc tmp;
drop table tmp;
create table tmp as select ifnull(c_set_t, c_year), 1 in (ifnull(c_set_t, c_year)), 'a' in (ifnull(c_set_t, c_year)), c_set_t+1-1, c_set_t from test_set1;
desc tmp;
drop table tmp;
create table tmp as select ifnull(c_set_t, c_varchar), 1 in (ifnull(c_set_t, c_varchar)), 'a' in (ifnull(c_set_t, c_varchar)), c_set_t+1-1, c_set_t from test_set1;
desc tmp;
drop table tmp;
create table tmp as select ifnull(c_set_t, c_char), 1 in (ifnull(c_set_t, c_char)), 'a' in (ifnull(c_set_t, c_char)), c_set_t+1-1, c_set_t from test_set1;
desc tmp;
drop table tmp;
##create table tmp as select ifnull(c_set_t, c_tinytext), 1 in (ifnull(c_set_t, c_tinytext)), 'a' in (ifnull(c_set_t, c_tinytext)), c_set_t+1-1, c_set_t from test_set1;
##desc tmp;
##drop table tmp;
##create table tmp as select ifnull(c_set_t, c_text), 1 in (ifnull(c_set_t, c_text)), 'a' in (ifnull(c_set_t, c_text)), c_set_t+1-1, c_set_t from test_set1;
##desc tmp;
##drop table tmp;
##create table tmp as select ifnull(c_set_t, c_mtext), 1 in (ifnull(c_set_t, c_mtext)), 'a' in (ifnull(c_set_t, c_mtext)), c_set_t+1-1, c_set_t from test_set1;
##desc tmp;
##drop table tmp;
##create table tmp as select ifnull(c_set_t, c_ltext), 1 in (ifnull(c_set_t, c_ltext)), 'a' in (ifnull(c_set_t, c_ltext)), c_set_t+1-1, c_set_t from test_set1;
##desc tmp;
#drop table tmp;
create table tmp as select ifnull(c_set_t, c_bit), 1 in (ifnull(c_set_t, c_bit)), 'a' in (ifnull(c_set_t, c_bit)), c_set_t+1-1, c_set_t from test_set1;
desc tmp;
drop table tmp;
create table tmp as select ifnull(c_set_t, c_enum), 1 in (ifnull(c_set_t, c_enum)), 'a' in (ifnull(c_set_t, c_enum)), c_enum+1-1, c_enum from test_set1;
desc tmp;
drop table tmp;
create table tmp as select ifnull(c_set_t, c_set), 1 in (ifnull(c_set_t, c_set)), 'a' in (ifnull(c_set_t, c_set)), c_set_t+1-1, c_set_t from test_set1;
desc tmp;
drop table tmp;

##################-----div_map----##################
###just all double
create table test_div_map as select c_enum_t/null, c_enum_t/c_tinyint, c_enum_t/c_smallint, c_enum_t/c_mint, c_enum_t/c_int, c_enum_t/c_bigint, c_enum_t/c_utinyint, c_enum_t/c_usmallint, c_enum_t/c_umint, c_enum_t/c_uint, c_enum_t/c_ubigint, c_enum_t/c_float, c_enum_t/c_double, c_enum_t/c_ufloat, c_enum_t/c_udouble, c_enum_t/c_dec, c_enum_t/c_udec, c_enum_t/c_datetime, c_enum_t/c_timestamp, c_enum_t/c_date , c_enum_t/c_time, c_enum_t/c_year, c_enum_t/c_varchar, c_enum_t/c_char, /*c_enum_t/c_tinytext, c_enum_t/c_text, c_enum_t/c_mtext, c_enum_t/c_ltext,*/ c_enum_t/c_bit, c_enum_t/c_enum, c_enum_t/c_set from test_enum1;
desc test_div_map;
drop table test_div_map;
create table test_div_map as select c_set_t/null, c_set_t/c_tinyint, c_set_t/c_smallint, c_set_t/c_mint, c_set_t/c_int, c_set_t/c_bigint, c_set_t/c_utinyint, c_set_t/c_usmallint, c_set_t/c_umint, c_set_t/c_uint, c_set_t/c_ubigint, c_set_t/c_float, c_set_t/c_double, c_set_t/c_ufloat, c_set_t/c_udouble, c_set_t/c_dec, c_set_t/c_udec, c_set_t/c_datetime, c_set_t/c_timestamp, c_set_t/c_date , c_set_t/c_time, c_set_t/c_year, c_set_t/c_varchar, c_set_t/c_char, /*c_set_t/c_tinytext, c_set_t/c_text, c_set_t/c_mtext, c_set_t/c_ltext,*/ c_set_t/c_bit, c_set_t/c_enum, c_set_t/c_set from test_set1;
desc test_div_map;

drop table test_div_map;
create table test_div_map as select null/c_set_t, c_tinyint/c_set_t, c_smallint/c_set_t, c_mint/c_set_t, c_int/c_set_t, c_bigint/c_set_t, c_utinyint/c_set_t, c_usmallint/c_set_t, c_umint/c_set_t, c_uint/c_set_t, c_ubigint/c_set_t, c_float/c_set_t, c_double/c_set_t, c_ufloat/c_set_t, c_udouble/c_set_t, c_dec/c_set_t, c_udec/c_set_t, c_datetime/c_set_t, c_timestamp/c_set_t, c_date /c_set_t, c_time/c_set_t, c_year/c_set_t, c_varchar/c_set_t, c_char/c_set_t, /*c_tinytext/c_set_t, c_text/c_set_t, c_mtext/c_set_t, c_ltext/c_set_t,*/ c_bit/c_set_t, c_enum/c_set_t, c_set/c_set_t from test_set1;
desc test_div_map;

drop table test_div_map;
create table test_div_map as select null/c_enum_t, c_tinyint/c_enum_t, c_smallint/c_enum_t, c_mint/c_enum_t, c_int/c_enum_t, c_bigint/c_enum_t, c_utinyint/c_enum_t, c_usmallint/c_enum_t, c_umint/c_enum_t, c_uint/c_enum_t, c_ubigint/c_enum_t, c_float/c_enum_t, c_double/c_enum_t, c_ufloat/c_enum_t, c_udouble/c_enum_t, c_dec/c_enum_t, c_udec/c_enum_t, c_datetime/c_enum_t, c_timestamp/c_enum_t, c_date /c_enum_t, c_time/c_enum_t, c_year/c_enum_t, c_varchar/c_enum_t, c_char/c_enum_t, /*c_tinytext/c_enum_t, c_text/c_enum_t, c_mtext/c_enum_t, c_ltext/c_enum_t, */c_bit/c_enum_t, c_enum/c_enum_t, c_set/c_enum_t from test_enum1;
desc test_div_map;

##################-----arith_result_map----##################

### test add as representation:just all double
create table test_arith_result_map as select c_enum_t+null, c_enum_t+c_tinyint, c_enum_t+c_smallint, c_enum_t+c_mint, c_enum_t+c_int, c_enum_t+c_bigint, c_enum_t+c_utinyint, c_enum_t+c_usmallint, c_enum_t+c_umint, c_enum_t+c_uint, c_enum_t+c_ubigint, c_enum_t+c_float, c_enum_t+c_double, c_enum_t+c_ufloat, c_enum_t+c_udouble, c_enum_t+c_dec, c_enum_t+c_udec, c_enum_t+c_datetime, c_enum_t+c_timestamp, c_enum_t+c_date , c_enum_t+c_time, c_enum_t+c_year, c_enum_t+c_varchar, c_enum_t+c_char, /*c_enum_t+c_tinytext, c_enum_t+c_text, c_enum_t+c_mtext, c_enum_t+c_ltext,*/ c_enum_t+c_bit, c_enum_t+c_enum, c_enum_t+c_set from test_enum1;
desc test_arith_result_map;
drop table test_arith_result_map;
create table test_arith_result_map as select c_set_t+null, c_set_t+c_tinyint, c_set_t+c_smallint, c_set_t+c_mint, c_set_t+c_int, c_set_t+c_bigint, c_set_t+c_utinyint, c_set_t+c_usmallint, c_set_t+c_umint, c_set_t+c_uint, c_set_t+c_ubigint, c_set_t+c_float, c_set_t+c_double, c_set_t+c_ufloat, c_set_t+c_udouble, c_set_t+c_dec, c_set_t+c_udec, c_set_t+c_datetime, c_set_t+c_timestamp, c_set_t+c_date , c_set_t+c_time, c_set_t+c_year, c_set_t+c_varchar, c_set_t+c_char, /*c_set_t+c_tinytext, c_set_t+c_text, c_set_t+c_mtext, c_set_t+c_ltext,*/ c_set_t+c_bit, c_set_t+c_enum, c_set_t+c_set from test_set1;
desc test_arith_result_map;

drop table test_arith_result_map;
create table test_arith_result_map as select null+c_set_t, c_tinyint+c_set_t, c_smallint+c_set_t, c_mint+c_set_t, c_int+c_set_t, c_bigint+c_set_t, c_utinyint+c_set_t, c_usmallint+c_set_t, c_umint+c_set_t, c_uint+c_set_t, c_ubigint+c_set_t, c_float+c_set_t, c_double+c_set_t, c_ufloat+c_set_t, c_udouble+c_set_t, c_dec+c_set_t, c_udec+c_set_t, c_datetime+c_set_t, c_timestamp+c_set_t, c_date +c_set_t, c_time+c_set_t, c_year+c_set_t, c_varchar+c_set_t, c_char+c_set_t, /*c_tinytext+c_set_t, c_text+c_set_t, c_mtext+c_set_t, c_ltext+c_set_t,*/ c_bit+c_set_t, c_enum+c_set_t, c_set+c_set_t from test_set1;
desc test_arith_result_map;

drop table test_arith_result_map;
create table test_arith_result_map as select null+c_enum_t, c_tinyint+c_enum_t, c_smallint+c_enum_t, c_mint+c_enum_t, c_int+c_enum_t, c_bigint+c_enum_t, c_utinyint+c_enum_t, c_usmallint+c_enum_t, c_umint+c_enum_t, c_uint+c_enum_t, c_ubigint+c_enum_t, c_float+c_enum_t, c_double+c_enum_t, c_ufloat+c_enum_t, c_udouble+c_enum_t, c_dec+c_enum_t, c_udec+c_enum_t, c_datetime+c_enum_t, c_timestamp+c_enum_t, c_date +c_enum_t, c_time+c_enum_t, c_year+c_enum_t, c_varchar+c_enum_t, c_char+c_enum_t, /*c_tinytext+c_enum_t, c_text+c_enum_t, c_mtext+c_enum_t, c_ltext+c_enum_t,*/ c_bit+c_enum_t, c_enum+c_enum_t, c_set+c_enum_t from test_enum1;
desc test_arith_result_map;
drop table test_arith_result_map;

##################-----mod_result_map----##################
###just all double three
create table test_mod_map as select c_enum_t%null, c_enum_t%c_tinyint, c_enum_t%c_smallint, c_enum_t%c_mint, c_enum_t%c_int, c_enum_t%c_bigint, c_enum_t%c_utinyint, c_enum_t%c_usmallint, c_enum_t%c_umint, c_enum_t%c_uint, c_enum_t%c_ubigint, c_enum_t%c_float, c_enum_t%c_double, c_enum_t%c_ufloat, c_enum_t%c_udouble, c_enum_t%c_dec, c_enum_t%c_udec, c_enum_t%c_datetime, c_enum_t%c_timestamp, c_enum_t%c_date , c_enum_t%c_time, c_enum_t%c_year, c_enum_t%c_varchar, c_enum_t%c_char, /*c_enum_t%c_tinytext, c_enum_t%c_text, c_enum_t%c_mtext, c_enum_t%c_ltext,*/ c_enum_t%c_bit, c_enum_t%c_enum, c_enum_t%c_set from test_enum1;
desc test_mod_map;
drop table test_mod_map;
create table test_mod_map as select c_set_t%null, c_set_t%c_tinyint, c_set_t%c_smallint, c_set_t%c_mint, c_set_t%c_int, c_set_t%c_bigint, c_set_t%c_utinyint, c_set_t%c_usmallint, c_set_t%c_umint, c_set_t%c_uint, c_set_t%c_ubigint, c_set_t%c_float, c_set_t%c_double, c_set_t%c_ufloat, c_set_t%c_udouble, c_set_t%c_dec, c_set_t%c_udec, c_set_t%c_datetime, c_set_t%c_timestamp, c_set_t%c_date , c_set_t%c_time, c_set_t%c_year, c_set_t%c_varchar, c_set_t%c_char,/* c_set_t%c_tinytext, c_set_t%c_text, c_set_t%c_mtext, c_set_t%c_ltext,*/ c_set_t%c_bit, c_set_t%c_enum, c_set_t%c_set from test_set1;
desc test_mod_map;

drop table test_mod_map;
create table test_mod_map as select null%c_set_t, c_tinyint%c_set_t, c_smallint%c_set_t, c_mint%c_set_t, c_int%c_set_t, c_bigint%c_set_t, c_utinyint%c_set_t, c_usmallint%c_set_t, c_umint%c_set_t, c_uint%c_set_t, c_ubigint%c_set_t, c_float%c_set_t, c_double%c_set_t, c_ufloat%c_set_t, c_udouble%c_set_t, c_dec%c_set_t, c_udec%c_set_t, c_datetime%c_set_t, c_timestamp%c_set_t, c_date %c_set_t, c_time%c_set_t, c_year%c_set_t, c_varchar%c_set_t, c_char%c_set_t, /*c_tinytext%c_set_t, c_text%c_set_t, c_mtext%c_set_t, c_ltext%c_set_t,*/ c_bit%c_set_t, c_enum%c_set_t, c_set%c_set_t from test_set1;
desc test_mod_map;

drop table test_mod_map;
create table test_mod_map as select null%c_enum_t, c_tinyint%c_enum_t, c_smallint%c_enum_t, c_mint%c_enum_t, c_int%c_enum_t, c_bigint%c_enum_t, c_utinyint%c_enum_t, c_usmallint%c_enum_t, c_umint%c_enum_t, c_uint%c_enum_t, c_ubigint%c_enum_t, c_float%c_enum_t, c_double%c_enum_t, c_ufloat%c_enum_t, c_udouble%c_enum_t, c_dec%c_enum_t, c_udec%c_enum_t, c_datetime%c_enum_t, c_timestamp%c_enum_t, c_date %c_enum_t, c_time%c_enum_t, c_year%c_enum_t, c_varchar%c_enum_t, c_char%c_enum_t, /*c_tinytext%c_enum_t, c_text%c_enum_t, c_mtext%c_enum_t, c_ltext%c_enum_t,*/ c_bit%c_enum_t, c_enum%c_enum_t, c_set%c_enum_t from test_enum1;
desc test_mod_map;

##################-----abs_result_map----##################
##result type is double
create table test_abs as select abs(c_enum), abs(c_set) from test_enum1;
desc test_abs;
drop table test_abs;

##################-----round_result_map----##################
create table test_ceil as select ceil(c_enum), ceil(c_set),ceil(c_bit), ceil(c_ubigint), round(c_enum), round(c_set),round(c_bit), round(c_ubigint) from test_enum1;
desc test_ceil;
drop table test_ceil;


##################-----fun_not_cal_map----##################
##numberic_value
create table test_not(c1 int, c_enum enum("true", "1", "false", "0"), c_set set("true", "1", "false", "0"));
insert into test_not value (1,1,1),(2,2,2),(3,3,4),(4,4,8);
select c_enum, !c_enum, c_set, !c_set from test_not;
drop table test_not;

##select 1 in (coalesce(null, c2)), 'a' in  (coalesce(null, c2)), c2+1-1, c2, coalesce(null, c2) from test_enum;
